CREATE DATABASE ucheb_3;
USE ucheb_3;

CREATE TABLE `stories` (
  `story_id` int PRIMARY KEY AUTO_INCREMENT,
  `story_name` varchar(30),
  `story_author` int,
  `story_text` text,
  `story_genre` int
);

CREATE TABLE `genres` (
  `genre_id` int PRIMARY KEY AUTO_INCREMENT,
  `genre_name` varchar(30)
);

CREATE TABLE `authors` (
  `author_id` int PRIMARY KEY AUTO_INCREMENT,
  `author_name` varchar(60),
  `author_birth` date,
  `author_auth` int
);

CREATE TABLE `auth` (
  `auth_id` int PRIMARY KEY AUTO_INCREMENT,
  `auth_log` varchar(20),
  `auth_pwd` text
);

ALTER TABLE `stories` ADD FOREIGN KEY (`story_genre`) REFERENCES `genres` (`genre_id`);

ALTER TABLE `stories` ADD FOREIGN KEY (`story_author`) REFERENCES `authors` (`author_id`);

ALTER TABLE `authors` ADD FOREIGN KEY (`author_auth`) REFERENCES `auth` (`auth_id`);

INSERT INTO `auth` VALUES (1,'111','111'),(2,'222','222');

INSERT INTO `authors` VALUES (1,'Некрасов Николай Алексеевич','1821-12-10',1),(2,'Пушкин Александр Сергеевич','1799-06-06',1),(3,'Толстой Лев Николаевич','1828-08-28',1),(4,'Тютчев Фёдор Иванович','1803-12-05',1),(5,'Жванецкий Михаил Михайлович','1934-03-06',1),(6,'Задорнов Михаил Николаевич','1948-06-21',1),(7,'Лермонтов Михаил Юрьевич ','1814-10-15',2);

INSERT INTO `genres` VALUES (1,'Рассказы'),(2,'Анекдоты и шутки'),(3,'Стихотворения'),(4,'Проза');

INSERT INTO `stories` VALUES (1,'Старик и яблони',3,'Старик сажал яблони.\r\nЕму сказали:\r\n- Зачем тебе яблони? Долго ждать с этих яблонь плода, и ты не съешь с них яблочков.\r\nСтарик сказал:\r\n- Я не съем, другие съедят, мне спасибо скажут.',1),(2,'Лев и собачка',3,'В Лондоне показывали диких зверей и за смотренье брали деньгами или собаками и кошками на корм диким зверям.\r\nОдному человеку захотелось поглядеть зверей: он ухватил на улице собачонку и принёс её в зверинец.\r\nЕго пустили смотреть, а собачонку взяли и бросили в клетку ко льву на съеденье.\r\nСобачка поджала хвост и прижалась в угол клетки. Лев подошёл к ней и понюхал её.\r\nСобачка легла на спину, подняла лапки и стала махать хвостиком.\r\nЛев тронул её лапой и перевернул.\r\nСобачка вскочила и стала перед львом на задние лапки.\r\nЛев смотрел на собачку, поворачивал голову со стороны на сторону и не трогал её.\r\nКогда хозяин бросил льву мяса, лев оторвал кусок и оставил собачке.\r\nВечером, когда лев лёг спать, собачка легла подле него и положила свою голову ему на лапу.\r\nС тех пор собачка жила в одной клетке со львом, лев не трогал её, ел корм, спал с ней вместе, а иногда играл с ней.\r\nОдин раз барин пришёл в зверинец и узнал свою собачку; он сказал, что собачка его собственная, и попросил хозяина зверинца отдать ему. Хозяин хотел отдать, но, как только стали звать собачку, чтобы взять её из клетки, лев ощетинился и зарычал.\r\nТак прожили лев и собачка целый год в одной клетке.\r\nЧерез год собачка заболела и издохла. Лев перестал есть, а всё нюхал, лизал собачку и трогал её лапой.\r\nКогда он понял, что она умерла, он вдруг вспрыгнул, ощетинился, стал хлестать себя хвостом по бокам, бросился на стену клетки и стал грызть засовы и пол.\r\nЦелый день он бился, метался в клетке и ревел, потом лёг подле мёртвой собачки и затих. Хозяин хотел унести мёртвую собачку, но лев никого не подпускал к ней.\r\nХозяин думал, что лев забудет своё горе, если ему дать другую собачку, и пустил к нему в клетку живую собачку; но лев тотчас разорвал её на куски. Потом он обнял своими лапами мёртвую собачку и так лежал пять дней.\r\nНа шестой день лев умер.',1),(3,'Галка и голуби',3,'Галка увидала, что голубей хорошо кормят, выбелилась и влетела в голубятню.\r\nГолуби подумали сперва, что она такой же голубь, и пустили ее. Но галка забылась и закричала по-галчьи.\r\nТогда ее голуби стали клевать и прогнали.\r\nГалка полетела назад к своим, но галки испугались ее оттого, что она была белая, и тоже прогнали.',1),(4,'Галка и кувшин',3,'Хотела Галка пить. На дворе стоял кувшин с водой, а в кувшине была вода только на дне. Галке нельзя было достать. Она стала кидать в кувшин камушки и столько набросала, что вода стала выше и можно было пить.',1),(5,'Зимнее утро',2,'Мороз и солнце; день чудесный!\r\nЕще ты дремлешь, друг прелестный -\r\nПора, красавица, проснись:\r\nОткрой сомкнуты негой взоры\r\nНавстречу северной Авроры,\r\nЗвездою севера явись!\r\n\r\nВечор, ты помнишь, вьюга злилась,\r\nНа мутном небе мгла носилась;\r\nЛуна, как бледное пятно,\r\nСквозь тучи мрачные желтела,\r\nИ ты печальная сидела -\r\nА нынче… погляди в окно:\r\n\r\nПод голубыми небесами\r\nВеликолепными коврами,\r\nБлестя на солнце, снег лежит;\r\nПрозрачный лес один чернеет,\r\nИ ель сквозь иней зеленеет,\r\nИ речка подо льдом блестит.\r\n\r\nВся комната янтарным блеском\r\nОзарена. Веселым треском\r\nТрещит затопленная печь.\r\nПриятно думать у лежанки.\r\nНо знаешь: не велеть ли в санки\r\nКобылку бурую запречь?\r\n\r\nСкользя по утреннему снегу,\r\nДруг милый, предадимся бегу\r\nНетерпеливого коня\r\nИ навестим поля пустые,\r\nЛеса, недавно столь густые,\r\nИ берег, милый для меня.\r\n\r\n1829',3),(6,'Славная осень',1,'Славная осень! Здоровый, ядрёный\r\nВоздух усталые силы бодрит;\r\nЛёд неокрепший на речке студёной\r\nСловно как тающий сахар лежит;\r\n\r\nОколо леса, как в мягкой постели,\r\nВыспаться можно — покой и простор!\r\nЛистья поблекнуть ещё не успели,\r\nЖелты и свежи лежат, как ковёр.\r\n\r\nСлавная осень! Морозные ночи,\r\nЯсные, тихие дни…\r\nНет безобразья в природе! И кочи,\r\nИ моховые болота, и пни —\r\nВсё хорошо под сиянием лунным,\r\nВсюду родимую Русь узнаю…\r\nБыстро лечу я по рельсам чугунным,\r\nДумаю думу свою…',3),(7,'Весенняя гроза',4,'Люблю грозу в начале мая,\r\nКогда весенний, первый гром,\r\nкак бы резвяся и играя,\r\nГрохочет в небе голубом.\r\n\r\nГремят раскаты молодые,\r\nВот дождик брызнул, пыль летит,\r\nПовисли перлы дождевые,\r\nИ солнце нити золотит.\r\n\r\nС горы бежит поток проворный,\r\nВ лесу не молкнет птичий гам,\r\nИ гам лесной и шум нагорный -\r\nВсе вторит весело громам.\r\n\r\nТы скажешь: ветреная Геба,\r\nКормя Зевесова орла,\r\nГромокипящий кубок с неба,\r\nСмеясь, на землю пролила.\r\n\r\n1828 г.',3),(8,'Послушайте',5,'Восемь часов тридцать минут. Давайте поговорим. Вы хотите смеяться. Вас раздражают всякие затягивания и рассуждения. Я хочу поговорить. Мы редко собираемся такой компанией – должны поговорить о многом. О том, что скоро весна. О том, какими красивыми могут быть наши женщины, если захотят и пройдутся по лицу разными пальчиками и карандашиками. Поговорить о родителях наших детей. Счастливы ли они, родители наших детей, дети наших родителей, братья наших сестер?\r\n\r\nЯ хочу поговорить о нашей земле, о тех, кто помнит войну. Я помню плохо. Мне семь лет. Эшелон. Бомбежка. Мы с мамой бежим в поле и укрываемся лопухами. Эвакуация. Жмых во рту... Так, может быть, этого больше не будет. Может быть, это было в последний раз. Может быть, танки будем видеть только на парадах. Остальное есть. Остальное будет. Надо только жить медленно и долго. Надо только не обижать друг друга. Я живу в Ленинграде. Погода плохая, да люди хорошие. Стоит женщина целый день за прилавком или за лотком на морозе, и нас много, а кто-то заупрямился, а у кого-то дома больной, а кому-то просто трудно, потому что у него прострелен бок. Попробуем не обижать друг друга. Уходит в поход атомный ледокол «Арктика», строят в тайге дороги, тянут газ в пустыне под Чарджоу. Хорошо делают, когда делают, остается нам не обижать друг друга. Конечно, я хочу многого. Я хочу, чтобы вам не подписывали увольнение, чтобы расстроился местком, узнав, что вы уходите. Чтобы не захотел горисполком вашего переезда в другой город. Чтобы из-за вашей болезни бегала озабоченно не только жена. Этот город состоит из нас, давайте же что-нибудь хорошее делать друг для друга.\r\n\r\nЯ многого хочу. Я хочу во всех трамваях таких же лиц, как в этом зале. Я хочу всех встречных вежливых и трезвых, а локоть соседа чувствовать только в беде. Сколько новых домов – целый город. «Дадим тепло в новые дома», – говорят строители. Вышел в хорошем настроении, погладил мальчишку, сказал соседке, как она сегодня хороша, пошутил о чем-нибудь с бабками на скамейке – вот и дал тепло в новый дом.\r\n\r\nА в Ленинграде воздух стал прозрачный. А в Ленинграде голубое небо и комиссия проверяет тротуары. В Ленинграде глаза стали чистыми, и кожа нежной на ощупь. В Ленинграде плюс пять. Будем считать, что это тепло. В Ленинграде весна.',1),(9,'Посидим',5,'Пойдите перед вечером в городской сад. Там возле веранды есть скамейка. На скамейке вы увидите человека в черном пальто. Это я. Я там сижу до восьми. Потом меня можно видеть на углу возле кафе и идущим к бульвару.\r\n\r\nХорошо со мной говорить между шестью и семью вечера. Лучше всего о видах на урожай, о литературе, о знакомых. О женщинах со мной можно говорить всегда. Причем, если этот человек, то есть я, будет оглядываться на проходящих красавиц, не обижайтесь и не перебивайте. Это лишнее подтверждение моего интереса к этой проблеме.\r\n\r\nА вот о ремонте со мной лучше говорить с утра, после завтрака, когда я в благодушии и слегка исказившиеся черты не испортят общего приятного выражения.\r\n\r\nЛучше всего со мной толковать о вкусной и здоровой пище, о поведении в быту, о пребывании на солнце. Хорошо откликаюсь на разговор о моральных устоях, о супружеской верности, о длительности верности и недлительности неверности.\r\n\r\nНе касайтесь быта, обслуживания: Это меня раздражает, я начинаю болеть. Не касайтесь общественного питания в некоторых аспектах: Я возбуждаюсь, нервничаю, сбивчиво говорю, со мной становится неприятно. Если вы заденете, даже случайно, тему телефонизации, канализации, урбанизации, в некоторых аспектах, я на вас произведу очень скверное впечатление. Вы с содроганием увидите злого, брызжущего слюной человека, который долго не может успокоиться, держится за сердце, бегает вдоль забора, и, конечно, никакие ссылки на объективные причины не могут изменить крайне неприятного личного впечатления. Сразу меняйте разговор. Переводите его на цветы, лето, женщин. Я снова начну оглядываться, что подтвердит мое успокоение, я извинюсь, и долго буду смотреть вслед. Смотрите тоже – это объединяет.\r\n\r\nЕсли вы пригласите меня на свадьбу или день рождения, вы немедленно получите удовольствие, видя польщенного человека. И вот тут об авариях и эпидемиях говорить не нужно, не повторяйте общих ошибок, ибо я могу прервать разговор, отойти и залечь дома, и уж о свадьбе не может быть и речи.\r\n\r\nК скамейке, где я сижу, хорошо подходить с транзисторным приемником под веселую музыку и сводку погоды. Выберите солнечный день и подходите. Какая чудесная погода стоит на всем побережье Кавказа! Волн нет, и ветер отсутствует, землетрясения утихли, смерч раскрутился в обратную сторону и пропал, красная шапочка спасена, наш самолет перекрыл все рекорды и тихо-тихо опустился. Я перестал морщить лоб, веки мои опустились. «Счастье мое я нашел в нашей дружбе с тобой...». Говорите, говорите и пойте мне одновременно, и вы будете наслаждаться видом доброго и разглаженного человека... \"Утомленное солнце нежно с морем прощалось...\r\n\r\nТай-ра-римта-ра-тайрам... Что нет любви...\".\r\n\r\nПеред вечером в городском саду вы увидите человека в черном пальто. Это я. Подумайте, о чем со мной говорить, если вы хотите, чтобы я произвел на вас хорошее впечатление... ',1),(10,'Портрет',5,'О себе я могу сказать твердо. Я никогда не буду высоким. И красивым. И стройным. Меня никогда не полюбит Мишень Мерсье. И в молодые годы я не буду жить в Париже.\r\n\r\nЯ не буду говорить через переводчика, сидеть за штурвалом и дышать кислородом.\r\n\r\nК моему мнению не будет прислушиваться больше одного человека. Да и эта одна начинает иметь свое.\r\n\r\nЯ наверняка не буду руководить большим симфоническим оркестром радио и телевидения. И фильм не поставлю. И не получу ничего в каннах. Ничего не получу в смокинге, в прожекторах в каннах. Времени уже не хватит... Не успею.\r\n\r\nНикогда не буду женщиной. А интересно, что они чувствуют?\r\n\r\nПри моем появлении никто не встанет...\r\n\r\nШоколад в постель могу себе подать. Но придется встать, одеться, приготовить. А потом раздеться, лечь и выпить. Не каждый на это пойдет. Я не возьму семь метров в длину... Просто не возьму. Ну, просто не разбегусь. Ну, даже если разбегусь. Это ничего не значит, потому что я не оторвусь... Дела... Заботы...\r\n\r\nИ в этом особняке на набережной я уже никогда не появлюсь. Я еще могу появиться возле него. Против него. Но в нем?! Так же и другое... Даже простой крейсер под моим командованием не войдет в нейтральные воды... Из наших не выйдет. И за мои полотна не будут платить бешеные деньги. Уже нет времени!\r\n\r\nИ от моих реплик не грохнет цирк и не прослезится зал. И не заржет лошадь подо мной... Только впереди меня. И не расцветет что-то. И не запахнет чем-то. И не скажет девочка: «Я люблю тебя». И не спросит мама: «Что ты ел сегодня, мой мальчик?» Но зато... Зато я скажу теперь сыну: «Парень, я прошел через все. Я не стал этим и не стал тем. Я передам тебе свой опыт».',1),(11,'Счастливый человек',6,'Я не понимаю, почему все вокруг жалуются, что они несчастные: судьба не так сложилась, не на той женился, не за того замуж вышла, не в ту заграницу послали, дача дорого обошлась, видеомагнитофон не той марки, на книжке всего шестьдесят тысяч на черный день припасено, а черный день все не наступает и не наступает...\r\n\r\nС кем ни разговоришься - проблемы, проблемы, проблемы. И все несчастные, несчастные, несчастные...\r\n\r\nА ведь это так легко - научиться быть счастливым. Надо просто приучить себя во всем видеть в жизни хорошее и радостное.\r\n\r\nВот, например, я...\r\n\r\nКаждое утро, когда я в час пик тороплюсь на работу, я думаю: как хорошо, что существует метро! Совсем в другой конец города оно доставляет меньше чем за полтора часа и всего с тремя пересадками.\r\n\r\nПосле метро, когда я пытаюсь войти в переполненный автобус, я радуюсь! Да-да, именно радуюсь тому, насколько возросла дисциплина у трудящихся с тех пор как повсюду запретили опоздания, автобсы стали выходить полными прямо из автобусного парка! После того как мне даже с разбега не удается сесть в автобус, я с портфелем в руке, радостно задыхаясь, пробегаю три квартала и думаю: «Как замечательно, что наш институт выстроили у самой кельцевой дороги, где загазованность воздуха ненамно больше, чем полагается по норме, определенной медиками при изучении гибели кроликов, дышавших пылью нашего института...»\r\n\r\nА когда я сижу за своей чертежной доской в комнате, в которой мы проветриваем по условиям техники безопасности через каждые пятнадцать минут, я из последних сил восхищаюсь тем, что даже женьщины в нашем дружном коллективе говорят друг другу только комплименты:\r\n\r\n- Как вы хорошо выглядите после отпуска! Поправились! Как вам это всегда удается?!\r\n\r\n- Ну что вы... Вот вам это зеленое платье действительно идет! Зеленый цвет вообще очень гармонирует с цветом вашего лица!\r\n\r\n- Нет, нет... Не говорите! По сравнению с вашим платьем все меркнет. Я уже седьмой год каждый день любуюсь им!\r\n\r\nНо особенно радостно оттого, что мы все невыносимо любим нашу работу. Часами можем сидеть и смотреть, как она копится, копится, копится... А если кто-то и засыпает после обеда, так строго за своим рабочим столом с карандашом в руке и мыслью в широко открытых глазах. И не дольше, чем до конца рабочего дня. Еще не было ни одного случая, чтобы кто-нибудь проспал конец рабочего дня!\r\n\r\nА главное, в нашем отделе всегда весело, слышатся шутки, смех... Особенно все веселятся, когда получают зарплату! Больше, чем зарплата, вызывает смеэ столько та продукция, которую мы выпускаем.\r\n\r\nДаже когда я ем в нашем институтском буфете, куда пускают только с высшим образованием и по секретному пропуску, я искренне благодарен судьбе, если успеваю взять свое любимое блюдо, которое ежедневно значится в меню под секретным названием «Жар. кур. с зел. гор. и слож. гар. из кар. пюр.»\r\n\r\nА вечером... Вечером, когда я подхожу к двери любимой девушки и нажимаю два раза на ее звонок, чтобы не попасть к ее соседям, я говорю себе «Я высокий! Стройный! Красивый! И у меня нет золотого зуба!» И его у меня действительно нет. Он у меня стальной.\r\n\r\nА когда она мне открывает, я счастливо любуюсь ее небольшим ростом, неброской красотой и говорю себе: «Я и тебя научу быть счастливой!»\r\n\r\nИ мы вместе с ней идем в кино, где сидим рядом, и держимся за руки и оба думаем «Какой замечательный фильм об Англии создали на Свердловской киностудии! Как похожи наши преуспевающие актеры на их вымирающих лордов. А новостройки развивающегося Таллина - на кварталы загнивающего Лондона».\r\n\r\nНаконец я возвращаюсь домой, где восхищаюсь своей уютной комнатой, в которой на целый метр больше, чем полагается по норме на человека!\r\n\r\nПеред сном, глядя до двух ночи на бегущие по потолку блики от шумных автомашин, с радостью думаю о том, что скоро мы поженимся. У нас будут дети! Много-много детей. И нам всем вместе в этой комнате будет еще радостнее, чем мне одному!\r\n\r\nИ я счастливо засыпаю, понимая, что завтра повторится такой же счастливый день, как сегодня. И послезавтра... И после, и после... И всегда будет так же хорошо, потому что я счастливый человек!!!\r\n',2),(13,'Кавказец',7,'Во-первых, что такое именно кавказец и какие бывают кавказцы?\r\n\r\nКавказец есть существо полурусское, полуазиатское; наклонность к обычаям восточным берет над ним перевес, но он стыдится ее при посторонних, то есть при заезжих из России. Ему большею частью от 30 до 45 лет; лицо у него загорелое и немного рябоватое; если он не штабс-капитан, то уж верно майор. Настоящих кавказцев вы находите на Линии; за горами, в Грузии, они имеют другой оттенок; статские кавказцы редки; они большею частию неловкое подражание, и если вы между ними встретите настоящего, то разве только между полковых медиков.\r\n\r\nНастоящий кавказец человек удивительный, достойный всякого уважения и участия. До 18 лет он воспитывался в кадетском корпусе и вышел оттуда отличным офицером; он потихоньку в классах читал «Кавказского Пленника» и воспламенился страстью к Кавказу. Он с 10 товарищами был отправлен туда на казенный счет с большими надеждами и маленьким чемоданом. Он еще в Петербурге сшил себе ахалук, достал мохнатую шапку и черкесскую плеть на ямщика. Приехав в Ставрополь, он дорого заплатил за дрянной кинжал, и первые дни, пока не надоело, не снимал его ни днем, ни ночью. Наконец он явился в свой полк, который расположен на зиму в какой-нибудь станице, тут влюбился, как следует, в казачку пока до экспедиции; всё прекрасно! сколько поэзии! Вот пошли в экспедицию; наш юноша кидался всюду, где только провизжала одна пуля. Он думает поймать руками десятка два горцев, ему снятся страшные битвы, реки крови и генеральские эполеты. Он во сне совершает рыцарские подвиги — мечта, вздор, неприятеля не видать, схватки редки, и, к его великой печали, горцы не выдерживают штыков, в плен не сдаются, тела свои уносят. Между тем жары изнурительны летом, а осенью слякоть и холода. Скучно! промелькнуло пять, шесть лет: всё одно и то же. Он приобретает опытность, становится холодно храбр и смеется над новичками, которые подставляют лоб без нужды.\r\n\r\nМежду тем хотя грудь его увешана крестами, а чины нейдут. Он стал мрачен и молчалив; сидит себе да покуривает из маленькой трубочки; он также на свободе читает Марлинского и говорит, что очень хорошо; в экспедицию он больше не напрашивается: старая рана болит! Казачки его не прельщают, он одно время мечтал о пленной черкешенке, но теперь забыл и эту почти несбыточную мечту. Зато у него явилась новая страсть, и тут-то он делается настоящим кавказцем.\r\n\r\nЭта страсть родилась вот каким образом: последнее время он подружился с одним мирным черкесом; стал ездить к нему в аул. Чуждый утонченностей светской и городской жизни, он полюбил жизнь простую и дикую; не зная истории России и европейской политики, он пристрастился к поэтическим преданиям народа воинственного. Он понял вполне нравы и обычаи горцев, узнал по именам их богатырей, запомнил родословные главных семейств. Знает, какой князь надежный и какой плут; кто с кем в дружбе и между кем и кем есть кровь. Он легонько маракует по-татарски; у него завелась шашка, настоящая гурда, кинжал — старый базалай, пистолет закубанской отделки, отличная крымская винтовка, которую он сам смазывает, лошадь — чистый Шаллох и весь костюм черкесский, который надевается только в важных случаях и сшит ему в подарок какой-нибудь дикой княгиней. Страсть его ко всему черкесскому доходит до невероятия. Он готов целый день толковать с грязным узденем о дрянной лошади и ржавой винтовке и очень любит посвящать других в таинства азиатских обычаев. С ним бывали разные казусы предивные, только послушайте. Когда новичок покупает оружие или лошадь у его приятеля узденя, он только исподтишка улыбается. О горцах он вот так отзывается: «Хороший народ, только уж такие азиаты! Чеченцы, правда, дрянь, зато уж кабардинцы просто молодцы; ну есть и между шапсугами народ изрядный, только всё с кабардинцами им не равняться, ни одеться так не сумеют, ни верхом проехать... хотя и чисто живут, очень чисто!»\r\n\r\nНадо иметь предубеждение кавказца, чтобы отыскать что-нибудь чистое в черкесской сакле.\r\n\r\nОпыт долгих походов не научил его изобретательности, свойственной вообще армейским офицерам; он франтит своей беспечностью и привычкой переносить неудобства военной жизни, он возит с собой только чайник, и редко на его бивачном огне варятся щи. Он равно в жар и в холод носит под сюртуком ахалук на вате и на голове баранью шапку; у него сильное предубежденье против шинели в пользу бурки; бурка его тога, он в нее драпируется; дождь льет за воротник, ветер ее раздувает — ничего! бурка, прославленная Пушкиным, Марлинским и портретом Ермолова, не сходит с его плеча, он спит на ней и покрывает ею лошадь; он пускается на разные хитрости и пронырства, чтобы достать настоящую Андийскую бурку, особенно белую с черной каймой внизу, и тогда уже смотрит на других с некоторым презрением. По его словам, его лошадь скачет удивительно — вдаль! поэтому-то он с вами не захочет скакаться только на 15 верст. Хотя ему порой служба очень тяжела, но он поставил себе за правило хвалить кавказскую жизнь; он говорит кому угодно, что на Кавказе служба очень приятна.\r\n\r\nНо годы бегут, кавказцу уже 40 лет, ему хочется домой, и если он не ранен, то поступает иногда таким образом: во время перестрелки кладет голову за камень, а ноги выставляет на пенсион; это выражение там освящено обычаем. Благодетельная пуля попадает в ногу, и он счастлив. Отставка с пенсионом выходит, он покупает тележку, запрягает в нее пару верховых кляч и помаленьку пробирается на родину, однако останавливается всегда на почтовых станциях, чтоб поболтать с проезжающими. Встретив его, вы тотчас отгадаете, что он настоящий, даже в Воронежской губернии он не снимает кинжала или шашки, как они его ни беспокоят. Станционный смотритель слушает его с уважением, и только тут отставной герой позволяет себе прихвастнуть, выдумать небылицу; на Кавказе он скромен — но ведь кто ж ему в России докажет, что лошадь не может проскакать одним духом 200 верст и что никакое ружье не возьмет на 400 сажен в цель? Но увы, большею частию он слагает свои косточки в земле басурманской. Он женится редко, а если судьба и обременит его супругой, то он старается перейти в гарнизон и кончает дни свои в какой-нибудь крепости, где жена предохраняет его от гибельной для русского человека привычки.\r\n\r\nТеперь еще два слова о других кавказцах, не настоящих. Грузинский кавказец отличается тем от настоящего, что очень любит кахетинское и широкие шелковые шаровары. Статский кавказец редко облачается в азиатский костюм; он кавказец более душою, чем телом: занимается археологическими открытиями, толкует о пользе торговли с горцами, о средствах к их покорению и образованию. Послужив там несколько лет, он обыкновенно возвращается в Россию с чином и красным носом.\r\n\r\nПримечания\r\n\r\nВпервые опубликовано Н. О. Лернером в альманахе «Минувшие дни» (1928, № 4) по копии (ГПБ), на которой имеется помета владельца и переписчика Н. А. Долгорукого: «Список с статьи собственноручной покойного М. Лермонтова, предназначенный им для напечатания в „Наших“ и не пропущенный цензурою».\r\n\r\nВ первом выпуске известного альманаха А. П. Башуцкого «Наши, списанные с натуры русскими» (цензурное разрешение от 10 октября 1841 г.), задуманного по образцу французского очеркового альманаха «Les français peints par eux mêmes» («Французы в их собственном изображении»), были названы очерки, подготовленные для следующей книжки. Среди них был указан и «Кавказец» (без имени автора). Однако этот второй выпуск в свет не вышел.\r\n\r\n«Отечественные записки» писали о «Наших»: «Самое название это показывает уже, что вся книга будет состоять из статей оригинальных русских, ибо предметом их будут русские нравы, русские физиономии, русские характеры. — К изданию уже приступлено: заказаны рисунки и вся первая часть книги просмотрена цензурою». Далее указывалось, что в этой части будут статьи А. П. Башуцкого, Е. П. Гребенки, М. А. Корфа, М. Ю. Лермонтова, В. Ф. Одоевского, И. И. Панаева, В. А. Соллогуба и др. (Отечественные записки, 1841, т. XV, № 4, отд. VI, с. 69 — 70).\r\n\r\nСравнительно недавно обнаружено, что на обертке VI выпуска «Наших» (экземпляр ГПБ), где напечатано начало очерка «Армейский офицер» князя Львова, имеется следующее объявление: «Приготовляются к изданию: „Уральский казак, В. Даля; — Гробовой мастер, А. Башуцкого; — Кавказец, покойного Лермонтова; <...> и многие другие, сверх поименованных в объявлении, приложенном к первому выпуску“» (см.: Б. Т. Удодов. М. Ю. Лермонтов. Воронеж, 1973, с. 619).\r\n\r\nГерой очерка — по определению Лермонтова, настоящий кавказец. Это типический образ кавказского армейского офицера, каких Лермонтов много раз встречал в Дагестане и Чечне. Одним из прообразов его был, возможно, П. П. Шан-Гирей — родственник и собеседник Лермонтова, участник ермоловских походов и кавказской войны, хорошо знавший быт и нравы кавказских горцев (см.: П. Вырыпаев. Один из возможных прототипов «Кавказца». — Русская литература, 1964, № 3, с. 57 — 59).\r\n\r\nВ литературном отношении герой «Кавказца», с одной стороны, близок лирическому герою стих. «Завещание» и «Я к вам пишу случайно; право»; с другой — это дальнейшее развитие образа Максима Максимыча из «Героя нашего времени». Ему в такой же степени приданы лучшие черты скромных тружеников войны — кавказских армейских офицеров; вместе с тем он более ординарен, более типичен для кавказской армейской среды.\r\n\r\nО настоящем кавказце сказано гораздо больше, чем о Максиме Максимыче: он учился в кадетском корпусе, затем попал на Кавказ; изображены и первые дни его пребывания там, и зрелый период, затем отставка. В этом, в частности, проявляется различие в художественной функции каждого из образов: настоящий кавказец — центральная фигура очерка, написанного исключительно с целью создания его социально-типологического портрета; Максим Максимыч же — персонаж, с помощью которого раскрывается образ главного героя романа.\r\n\r\nГерой лермонтовского очерка, неизвестного Л. Н. Толстому, предвосхитил появление его героев — капитана Хлопова из «Набега» и отчасти капитана Тросенко из «Рубки леса» (см.: Б. С. Виноградов. «Кавказец» М. Ю. Лермонтова. — В кн.: Вопросы чечено-ингушской литературы, т. V. Вып. 3. Литературоведение. Грозный, 1968, с. 65).\r\n\r\nНесмотря на то, что автор ставил своей задачей рассказать о том, какие вообще бывают кавказцы, он по существу посвящает свой очерк «кавказцу настоящему» — тому, которого можно найти «на линии». Другие модификации этого типа он называет (грузинский кавказец, статский кавказец), но не описывает детально; они малоинтересны и по большей части представляют собой просто «неловкое подражание».',4);

